id;name;image_url;path_url;add_time;order_num;note
1;Aruba client-server Tunisia;Global;e-business neural;2020-10-18T12:08:08;60650;Qatar Malagasy Ariary
2;Gloves Checking Account open architecture;content;Awesome innovate Accounts;2020-10-19T00:08:21;40874;Frozen
3;Christmas Island;Berkshire Rustic;RSS;2020-10-18T19:37:10;73830;Profit-focused
4;executive calculating;Supervisor synthesizing Puerto Rico;National;2020-10-18T11:56:14;56035;SMTP Tools
5;backing up;Village;Savings Account;2020-10-19T04:05:38;64929;Home
6;platforms Mountains;Home Saint Kitts and Nevis Centralized;copying Music;2020-10-18T16:31:21;22082;Central synthesize
7;Platinum Arkansas Beauty;Human Planner;connecting;2020-10-19T03:35:40;2301;e-business ADP bypass
8;Future Front-line extensible;Progressive Money Market Account Bridge;silver;2020-10-19T03:29:52;56723;Plastic ROI Curve
9;Human;Ergonomic;USB index;2020-10-18T20:40:11;33377;niches web services Industrial
10;Integration Direct;connecting Fantastic Granite Pizza Clothing;Rufiyaa Chair overriding;2020-10-18T22:05:39;19776;panel Awesome Fresh Soap Multi-layered
